Label,log.sigma.1.mm.3D_glcm_MCC,wavelet.LHH_glrlm_RunEntropy,log.sigma.1.mm.3D_glcm_Imc1,wavelet.HLH_glcm_Correlation,wavelet.LLH_glszm_GrayLevelVariance,wavelet.HLL_firstorder_90Percentile,log.sigma.2.mm.3D_glcm_Imc1,wavelet.LLH_glcm_Correlation,wavelet.HLL_glszm_ZonePercentage,wavelet.LLH_firstorder_Kurtosis
0,-0.783553582,1.188083501,0.825574306,0.99331167,-0.319574006,1.438555857,0.270110922,-0.6083167,0.426220932,-1.205001383
0,-1.358481546,-0.430080942,1.255440638,-0.669098289,0.328442547,1.887848521,1.249392013,-0.593364892,0.702546936,0.17618109
0,1.502678063,-0.180946576,-0.997810213,0.006697809,0.91155739,-0.81892069,0.520319548,0.457567005,-0.6701665,-0.208608683
1,-0.253130003,0.378461245,0.40080277,-0.291269636,0.10543088,-0.070384984,-0.912167585,-0.940737891,-0.631627782,-0.803189604
1,2.04377608,0.549576895,-1.903130862,0.445701335,1.40391762,-2.194899867,-0.576619347,3.774590068,-0.510166056,0.246665732
0,-0.28978721,-0.403644478,0.350132148,-0.781906411,-0.405262243,0.834105163,-0.352348933,-0.992252628,0.998351907,-0.476162025
1,1.52098774,-1.262320157,-1.256970745,0.499510999,2.813702715,-0.44343764,-0.159398724,3.042393634,-0.397594197,1.890735018
0,-0.223015581,0.206202071,-0.13781357,0.277016706,-0.560536105,0.58604141,0.25873411,1.130269274,-0.312149204,-0.837784305
0,1.324637726,0.176007724,-1.175458343,-0.297470725,-0.276657709,-0.900976258,-0.532860614,-0.043775028,-0.89864267,-0.113913967
0,-0.550342193,-0.801185622,0.524944013,0.096507874,-0.300208483,1.245833888,0.077238983,-0.736795536,-0.317099145,-0.323800274
0,0.080575405,-0.711740061,0.022362806,0.472762136,-0.681874046,-0.577863277,0.974425826,-0.192545863,0.330370389,-1.151193639
1,0.712909731,1.709315196,-0.61022437,0.007611059,0.573037767,-0.262220466,-3.271486387,-0.238439684,-1.514695099,-0.149481649
1,0.438093816,0.864149746,-0.090314042,0.226675043,-0.103406401,-0.120679653,-0.330221905,-0.347061114,-0.40911985,-0.178995158
0,-1.058940853,0.226255515,0.997699663,-0.412099171,-0.126355311,1.516609543,0.474030411,-0.862204551,0.4655558,0.164674559
0,-1.30268315,0.537395715,1.30250499,-0.404526881,-0.188550547,2.939827847,-0.007033645,-0.351791599,0.2674973,-0.311954296
1,1.869875457,0.318004716,-2.063790438,0.108196642,0.333998366,-0.816224723,-0.868140088,0.177119351,-1.284036433,0.370182354
1,-0.906299895,1.143596462,1.018411494,-0.132669994,-0.071462776,-0.118654169,-0.499670673,-0.126306166,-0.749196495,0.409535744
1,0.118343063,0.951115894,0.036711715,0.23493178,0.12327838,-0.215987917,-1.290430416,-0.483237063,-0.712009019,0.259535099
1,0.674291747,1.421381288,-0.455216182,0.040006913,0.440513981,0.127142391,-3.211600561,-0.153312506,-0.855549453,0.323963941
1,-0.075924236,1.208317949,0.264225576,0.277868762,-0.105748619,-0.743597021,-1.112081311,-0.596088844,-1.160837291,-0.495440245
0,-0.408357896,-1.831318306,0.190805639,0.100988471,-1.332401491,0.402282864,1.805875934,0.218769313,0.618612575,-0.377533044
0,-0.117330853,-2.774766425,-0.977095954,-1.006238567,0.141871046,-2.266705484,0.873537424,-1.690250541,2.912980164,0.763179395
0,-0.241522155,-0.058103785,0.162934707,-0.054613888,-0.781106626,-1.424114416,1.185988854,-0.45513676,0.683019576,-1.062393661
1,2.131490039,0.17470919,-2.018545809,0.420978888,2.932404154,-2.918352503,-0.657807634,3.386286054,-0.805579619,-0.283613853
1,-0.568262811,1.040832935,0.442285921,0.403090409,0.068990393,0.836831805,0.705672695,-0.798716316,1.546678723,-0.437391981
0,-0.540508739,0.190477677,0.495593792,-0.292798415,-1.01977539,0.863146893,0.165832014,0.480994824,-0.319387127,-1.453343515
1,0.805178597,1.655790038,-0.702613616,0.000551706,0.709278367,-0.319956984,-1.486826142,-0.501033312,-1.449812699,0.5340807
0,-0.794990692,-0.672996753,0.416639713,-0.864128318,-0.387268884,0.513676427,0.955475694,-0.542220445,0.864839381,0.646464046
0,1.768823722,-0.182015886,-1.501081832,0.626905103,1.261773514,-1.097284469,0.375460303,0.660421973,-0.635516068,-0.850527111
1,0.910976914,-0.299534418,-0.587728935,0.19793159,-0.01430408,-1.151288718,0.278463994,-0.001826131,-0.73031036,1.080478452
1,-0.432516839,0.56227855,0.509328377,-0.144666754,0.382658989,-0.728407515,-0.462577639,-0.062024832,-0.702793642,0.454091205
0,-0.710426253,0.820241573,0.899038525,0.259351892,0.192998147,0.055007448,-1.675289011,-0.299831835,-0.611103173,-0.021544708
0,-1.017207995,-0.070139117,0.830412927,-0.265491086,-0.307616121,-0.186981546,1.028907175,-0.993964365,0.598616438,1.233880852
0,-0.489914117,1.585804678,0.696950128,0.011461173,0.278541457,1.543473198,-0.688098945,-0.557919584,-0.138652488,-0.489291986
0,-0.471098582,0.127155722,0.460679838,0.274554989,-0.284923117,0.541976928,-0.257998923,-0.181924305,0.289244494,-0.858740996
0,-0.595774603,-1.39810282,0.4993417,-0.716703596,-0.714841244,1.952429722,1.625285182,-1.345205265,0.637308141,-0.950080324
1,1.616012865,-0.519943354,-1.25905409,0.529580167,1.62717719,-1.191579903,0.326676738,1.760938236,-0.035728756,0.382328047
0,0.21421815,-0.152780456,-0.167631129,0.171422478,-0.649524238,-0.567837197,0.378469258,-1.042634839,-0.199747407,-0.35089731
1,-0.369675383,0.699873235,-0.126526032,0.419418664,-0.742426856,-0.210273313,1.107320033,0.85356034,-0.312579582,-0.244200268
0,-0.732730863,0.417991472,0.923491898,-0.16125259,0.699356469,0.143090396,0.42838353,-0.878098711,0.36492476,0.218615014
1,2.082486767,0.68680457,-1.437063595,0.291948509,4.436608083,0.290785298,0.74058927,2.477752973,-0.810385782,1.870655474
0,-0.831817082,-0.916572658,0.706698487,0.281695449,-0.598960358,0.27124257,1.118766099,-0.801212348,1.096297814,-0.29684577
0,-0.760827525,0.215393865,0.662024365,0.161982732,-0.507009693,0.670791209,1.044234957,0.489480687,0.73860518,0.357145299
0,0.374681482,0.808374917,-0.113596083,-0.371949301,0.431427031,0.318829042,-1.592581411,-0.194685643,-0.687204763,-0.042073392
0,-0.977681511,0.907937204,0.905422416,0.257105428,-0.387167846,0.065356624,1.034810055,-0.431469161,-0.207303693,-0.560291333
1,1.730214202,-0.863810151,-1.437369509,-0.25166747,1.947830866,-1.295377401,-0.91307589,3.136425374,0.833387201,0.122601367
0,1.075417308,-6.956648946,-3.262310283,9.111361904,-1.783437068,-0.180311184,-0.744506516,-0.519795531,6.599366123,-3.291272602
0,-1.064513222,-0.149832562,1.006151515,-0.273950789,-0.707476841,0.322760922,-0.00598629,-0.627655204,0.367207136,-1.381251777
0,-0.661672843,-0.07937272,0.702410115,-0.715247008,0.145526388,1.053259857,0.570220501,-0.753259642,0.556829611,1.710687332
1,-0.44261496,0.773849448,0.537784807,0.073569279,-0.16199044,1.820148584,0.103162688,0.514074312,-0.251979,-0.62730623
0,0.078293847,-0.688609737,-0.081568801,-0.012623706,-0.242641831,-0.015533268,1.339314662,-0.098189644,-0.614481879,0.74794079
0,-1.578127831,-2.195631186,1.358684513,0.026792071,-1.092880546,1.102385476,1.729809934,-0.508045093,1.445923675,0.272139947
0,-0.730681965,0.140394778,0.841935867,0.459528579,-0.872493399,1.317605504,-0.229225722,-0.317537273,-0.333969427,-0.693254299
0,-0.49639968,-3.192758475,0.287322556,0.938313476,-0.850909338,0.674636684,1.820106284,-1.264274702,3.124793742,-0.473443732
0,0.281949698,-0.463996884,-0.222970877,-0.107748774,-1.051207874,-0.072361886,0.09996256,-0.423411943,-0.465478492,1.095288213
0,-0.610943644,-1.675743332,0.869849857,-0.022968142,-1.303055441,1.283541823,1.304075691,-0.442550427,2.165191394,-0.958648111
0,1.237065223,0.387886141,-0.886287072,-0.579223624,-0.129784238,-1.252415059,0.280351014,-0.205558897,-0.471611601,-0.832070207
1,-1.014881998,0.437382183,0.970332432,0.390710433,0.218362147,2.374190702,0.702431919,-0.228255823,0.088703363,1.083266247
0,0.189806542,-0.199888519,-0.305522032,0.019171239,-0.256170244,-0.698198029,-0.440899654,-0.23027516,-0.20547174,-1.825997178
1,0.778197048,-0.815969147,-0.728235491,0.307231887,0.634623018,-1.226159537,0.532095821,0.978993154,-0.242519212,1.059725825
0,-0.683605581,-0.432365504,0.583922991,0.500840108,-1.279735064,-0.273503357,0.85618239,-0.114346778,0.668602887,-0.2954249
1,-0.502255794,1.465479564,0.786400259,-0.055359098,0.235746563,0.596384284,-1.698990959,-0.369198276,-0.152063214,-0.049264391
0,-0.823153547,0.506940986,0.847557965,0.086446821,0.497284729,0.32796004,0.271231034,-1.24399142,0.33926306,1.52013104
0,0.199934068,0.307017979,0.178891999,-0.188347382,-0.028012524,-0.319078829,-0.113139691,-0.82155319,-0.619173243,-0.276944514
0,-1.12694163,-0.766196484,0.988027719,-1.421629479,-0.92473492,1.094436611,1.285167766,-0.501261731,2.304800168,-1.119228691
0,-1.090796789,-1.216778281,0.989401985,0.83732335,-0.96745249,-0.355725973,0.220400764,0.267887863,0.570218318,-1.688797432
0,-1.130257731,-1.249021084,0.790675199,-1.157939123,-1.071514136,-0.353855897,1.858405173,-0.055422323,0.818573838,0.319758223
1,-0.125613983,-0.653603127,-0.079070694,1.211995536,-0.190107031,-0.868802715,1.126307008,0.017555838,-0.336222534,-0.159214588
0,-1.176998015,0.115163782,1.005487184,0.472795723,-0.188042217,1.227809053,1.140382202,-0.128824864,1.109875427,0.788517333
0,-1.022252179,-1.944791742,0.77548005,-0.109824974,-1.388168578,-0.393154295,1.577383576,-0.23767252,1.194457294,-0.63599496
1,-0.038711935,-0.406769973,0.002041584,0.008878246,-0.625063194,-0.376953572,0.383779856,-0.321997003,-0.184062526,0.170290883
1,2.364177823,0.554995004,-2.007061931,0.138800576,1.762960005,-1.198440306,0.211588837,2.102428818,-0.832618552,0.446696422
0,-0.963548044,0.643412242,0.828724141,-0.39700351,0.191700065,0.568327376,-0.069956246,-1.214412996,-0.045138797,0.884657587
0,-0.987296396,0.317005463,0.865568465,-0.092030588,-0.398675772,2.249958643,-0.314512426,-0.275699885,0.175108745,-0.684043491
1,-0.157275267,1.91246392,-0.399451872,0.482658198,-0.426214273,-0.06308459,-0.578079925,0.969453278,-0.892296266,-0.164589489
1,-0.011847654,0.491236634,0.180238796,-0.476324207,0.431628951,-0.234556796,-1.062393989,-0.073639776,0.429549074,1.425547086
1,-0.413429289,0.091863765,0.34850733,0.386685343,-0.701701934,-0.352216374,-0.365565203,-0.419149972,-0.393260368,0.175512695
0,-0.696719336,-0.35715713,0.742342811,-0.336650232,-0.568173574,-0.130446953,-0.59131102,-0.572402149,-0.141923862,-0.77081364
0,-0.865094017,1.515426487,0.920862922,0.05038363,-0.265420302,-0.054411682,-1.208744604,-0.24898253,-0.692244592,0.146794515
1,1.929037044,0.069414104,-2.001465396,-0.190151047,0.402170503,-1.350385773,-0.52121674,2.857483807,-0.958506165,-1.127462324
1,0.699484855,0.726529667,-0.37249943,-0.541480191,-0.38485419,-0.572822398,0.06382392,0.104853989,-0.004302858,-0.915870397
0,-0.037595035,1.103214532,0.202571487,0.457549692,-0.063329729,0.233434636,-0.591497131,-0.155977918,-0.439539552,-0.175822497
0,-0.489265499,0.236354871,0.564457507,-0.249994744,-0.126436379,0.348872689,0.64376551,-0.636012137,-0.136903957,0.701367125
0,-1.177342085,-0.602251982,1.182282735,-0.286369802,0.02739222,3.342072562,0.409445074,-0.32057991,0.948622466,1.310366107
0,-0.773407771,-0.464254136,0.67877567,0.786984835,0.612979526,-0.24689968,0.64512013,-0.459587498,0.132853772,1.04624118
0,-0.524484029,0.647668561,0.727069027,0.204637586,0.18573395,1.519977585,-0.706093997,-0.508969641,0.192746475,-0.959500854
0,-0.573775365,-0.734406971,0.252995995,0.746209057,-0.858072076,-1.691879705,2.154126653,-1.631237281,0.524597526,-1.968306323
0,0.116746392,0.890841207,0.096388513,-0.108423678,0.174431277,-1.272888914,-0.041084108,-0.228862705,-0.713484807,1.632620087
0,-0.573261465,-0.555297571,0.562763015,-1.216762331,-0.718436402,-0.122951688,0.774311093,-0.340329755,0.161336821,0.830723698
0,0.420388164,-1.22446073,-0.383995176,-0.208579617,-0.117220616,-0.675143977,0.383257693,-0.454709321,-0.435012229,0.165067289
1,0.41046132,0.16217303,-0.094255618,0.124431984,-0.10404052,0.207696371,-1.274332318,-0.672721498,-0.58988867,0.500619612
1,0.794235373,0.236871034,-0.491669649,0.068452705,-0.733558576,0.124436477,0.503833471,0.566073084,0.064311347,-1.164387656
0,0.517223401,0.12095443,-0.468463768,-0.293903673,-0.662479542,-0.186398334,-0.423552006,-0.114686239,-0.422976689,-1.01008163
0,-0.74080621,1.043693424,0.794944598,-0.060317017,-0.096551638,-0.012882495,-1.785442109,-0.716889929,-0.471916909,-1.082833422
0,0.288323278,0.00681898,-0.007977014,-0.476029978,0.271922581,-0.517411795,0.025821923,0.198258987,-0.551667637,0.098646653
0,1.307496977,0.917010186,-0.889372414,0.172135123,0.66453788,0.561939533,-1.431693476,-0.531254819,-0.640720829,-0.529527485
1,-0.983516555,0.352063027,1.118055047,0.409902818,0.002428726,1.430725036,0.664689809,-0.576157882,0.499317964,0.484101992
0,-0.753954869,-0.374815666,0.730865563,-0.128292099,-0.791165191,2.29078311,1.295592063,0.041555367,1.6179234,-1.482331214
0,0.03683645,-0.345818751,0.036271552,0.809823018,-0.56125132,1.926678678,-0.363251458,0.981972961,1.522108608,0.588592051
0,-0.272008518,-0.480499886,0.316603208,0.13336708,-0.86749008,-0.506581151,-0.03993016,-0.342922871,-0.787564846,-0.974187945
1,-0.575088983,1.20104097,0.657759576,-0.118377749,0.348479405,-0.29478504,-0.378494663,-0.280749157,-1.027783228,-0.315046249
0,-0.59586366,1.498434948,0.846767933,0.088387486,-0.331603612,0.697956955,0.551616301,0.011963809,0.560017132,0.009281579
1,-0.12008399,-0.36575586,-0.979821516,0.163302948,0.303855091,-0.324449368,0.239862866,0.972993924,-0.67613246,-0.332689935
0,-0.826000848,0.502543895,0.926478752,0.565788229,0.178638258,-0.194283303,0.194633478,-0.536873196,-0.50757289,0.717183281
0,-0.763773733,1.404478017,0.820176442,0.372481976,-0.750537477,1.49959857,-0.514057179,-0.035939881,0.423739379,-1.662685202
1,1.482071878,0.804786759,-1.57653872,0.152882154,0.417470229,-0.858903116,-0.977897675,0.01728717,-1.596897449,0.347201744
1,1.314793714,-0.036788295,-1.090152663,0.201194487,1.775547875,-1.011132425,0.392589686,0.710832624,-0.318385397,0.754842029
0,-0.751022333,-0.435623852,0.805905834,-0.729186815,-0.719738981,0.137410451,1.027116113,-0.733240193,1.816626111,-1.123897011
0,0.455173398,0.491679615,-0.258767265,0.010624406,0.019399742,-0.332020283,-0.554937516,-0.291028727,-0.703408553,-0.091742506
0,-0.338206743,0.104072638,0.562290281,-0.022027257,-0.34899452,0.677782555,-1.5915602,-0.433142543,0.055635759,-0.198037197
0,1.572215871,-0.158366236,-1.533533519,0.099064619,0.088023734,-1.68265784,0.060369231,0.863996953,-1.114385045,1.026795368
0,1.316963095,-0.402385045,-0.976906027,0.223347644,0.132649864,-0.149056407,-0.295950076,-0.289224278,-1.061363045,-0.646994641
1,-0.656473847,0.302674186,0.48255808,0.579342014,0.781732343,-0.893858421,-0.059741238,-0.03395038,-0.616563017,3.296962719
1,1.057959886,0.821168556,-0.772140817,-0.107658939,0.53834338,0.04155967,-1.764353481,-0.473975531,-0.761684185,-0.927221492
0,-0.735724996,-0.152173972,0.782709274,-0.150507473,0.451076435,-0.044939976,0.747393642,-1.01597568,-0.258599841,0.328924908
1,1.113431409,-0.12020632,-0.84507699,-0.484285141,0.296850805,-0.643558619,-0.244058752,-0.62160496,-0.729974243,-1.003423617
1,0.142574908,-1.612885249,-0.216331954,0.055279173,-0.7268177,-0.033762118,-4.680814606,-0.835330934,-1.157435352,2.525259341
0,-0.263507188,0.942370287,0.298228657,0.178591874,-0.713090342,0.663027185,-0.646908652,-0.903411158,0.046009005,-1.393709136
0,-0.838718514,1.596573708,1.047625764,0.276961316,0.038722334,1.240933472,-0.97485292,0.030439452,-0.034960706,-0.544425233
0,-0.958640571,0.575262282,0.881319698,0.033166562,-0.427722416,0.370217114,0.670938203,-0.451285772,-0.060760842,-0.16516199
0,-1.182424728,-0.537410611,1.219894979,0.071873973,-0.38196574,1.042695427,0.004736037,-0.479414745,0.668908195,0.336848809
0,-0.390259168,-0.264808804,0.538566835,-1.840327966,0.225051974,0.481513383,0.561904991,-0.314741743,1.740658245,-0.657211613
0,-0.357446612,-0.129715986,0.546714296,-0.759244778,-0.467965937,-0.489344197,-0.352161941,-0.846441014,-0.341485126,-0.136852687
1,-0.39330982,-1.139498963,0.130030367,0.932266839,-1.120554621,-1.551266783,0.931225476,-0.496814736,0.123731269,0.26099111
0,-0.544907612,-0.101391411,0.769817628,-0.034037189,-0.203503589,0.176047279,0.469691874,-0.534710102,0.757953873,-0.233950961
0,-0.392577203,0.604227014,0.594550647,0.26948131,0.027752871,1.23542055,-0.37287473,-0.09421511,-0.160183924,0.051165564
1,2.390290153,0.387277357,-2.306434025,-0.233126409,1.584686641,-1.560760106,-0.168649097,2.449278581,-0.881923866,1.22826186
0,-1.619105825,-0.525593324,1.494451668,-0.300793106,-0.434092754,1.510950482,0.417424428,-0.616816477,0.888686543,-0.070057007
1,1.064056895,-0.172429959,-1.053994197,0.101972569,0.093624134,-0.983571733,-0.501661786,0.020694309,-1.381174259,-0.19909882
0,-0.785109831,-1.420787017,0.54049535,-0.417926658,-1.590991415,-0.835736837,1.066322983,-0.096690646,0.802656525,-0.578533163
1,0.897158434,-0.327447081,-0.757064807,-0.639335724,-0.233467004,-0.179245934,0.458141258,-0.305147748,-0.775783973,-1.672936656
1,-0.086325157,1.212418214,0.289972792,-0.568212133,0.002846996,0.088406678,-1.31924408,-0.114091448,0.031109466,-0.43961353
0,-0.210771012,-0.718214785,0.30773542,0.88538136,-0.933402078,-1.325309808,0.334445604,-0.943106246,-0.810294016,0.796142895
1,0.09136422,0.231460565,0.029096673,-0.144296387,-0.117027095,0.716686947,-0.426423577,-0.733856011,-0.116825061,0.762563355
0,-0.873059758,-0.240449598,0.82169835,-0.118631137,-0.719311546,-0.877820555,0.048926851,-0.347774548,-0.334332365,-0.78078185
0,-0.815395866,0.979421514,0.858324846,-0.169754363,-0.347437836,-0.32586414,0.643157167,-0.865897557,0.199181627,1.222081251
0,-0.642558554,1.050636842,1.007767404,0.565474963,0.09436703,2.061857349,1.092406533,0.175577821,0.730320891,0.122594531
1,1.731473018,-0.306904346,-1.201827121,0.432784832,1.152960628,-0.298749563,0.414539982,1.867519984,0.72605444,1.046031798
1,2.427555005,-0.199067441,-1.535147699,0.347720816,3.968916742,-1.665474842,0.572700705,3.640768297,-0.130653785,4.34875947
0,-0.70069783,-0.903272249,0.856807838,0.475049516,-0.132756877,2.107186317,-1.485142238,-0.132421103,1.271518365,1.170065371
0,1.25023416,0.486908402,-1.212082823,0.12283333,0.002488616,-0.38850023,-0.648471196,-0.418860071,-0.853813762,0.862793104
0,0.356263791,0.380509507,-0.160299719,0.034490566,0.267956812,1.335378897,-0.793541674,-0.613353821,-0.000671872,2.082180245
1,0.909391207,0.286662123,-0.733032177,0.379546642,0.061379512,0.181788009,-0.554380294,-0.494707201,-0.442360764,-0.601513344
0,-0.319637269,-3.210825873,-0.217042754,-1.292725819,-0.3430247,0.411945387,2.609891576,-0.337645354,2.63599954,3.726198265
0,-0.375783523,0.747371632,0.657395862,0.721871243,-0.10854037,0.266128704,-0.742401576,0.14287037,0.160882979,-0.102445379
1,1.889859485,-0.101921072,-2.088682382,-0.366801562,0.842244227,-1.160675797,-0.591555124,2.090781804,-1.363612129,-0.996868647
0,-0.171278651,-0.787876905,0.199507648,0.265764124,-0.023256187,0.108577084,1.02133431,-0.168110737,0.115047229,1.20376799
0,1.001241965,0.21809232,-0.893397883,-0.586391053,0.045657361,-1.543742527,-0.315235725,-0.51814939,-0.948008356,0.281048521
0,-0.756482509,0.981499698,0.84770448,0.226508911,-0.178818538,0.706667755,-1.064696737,-0.730443766,-0.388754016,-0.82164148
0,0.449864296,-1.5681053,-1.942699444,0.052458758,-0.798983301,-0.254786144,0.486784437,1.425523329,-0.290059473,-0.300277364
1,-0.054579667,-1.042013044,0.161604816,1.19808197,0.240768374,-1.078464529,1.276734862,-0.580939956,-0.106042837,-0.294374609
1,1.04676697,0.03804212,-0.871230829,-0.46732895,0.989448985,-0.251510827,-0.163777322,-0.599992623,-0.505493985,0.307439962
0,0.059349892,-0.354263669,-0.712201596,0.262552316,-0.099523857,1.1450548,-0.7466029,1.122917354,0.052318071,-0.738039247
1,2.403247089,0.559445911,-2.585407806,-0.268923351,1.857865686,-0.605283307,-0.407473022,1.244605302,-1.30548146,1.069465142
1,0.770718848,1.009597282,-0.63792974,0.20717812,0.143763609,-0.439768749,-0.88526883,-0.239990637,-1.169649651,0.750572477
0,-0.602977002,1.039655024,0.885776921,-0.080781646,0.339750321,1.189728233,-0.321654636,-0.673436961,-0.039148495,0.485649417
0,-0.429276395,-0.446227208,0.467917161,-0.93612004,-0.437550125,-0.217459995,0.8551001,0.155407747,0.189066156,2.487003613
1,2.093363976,-0.052034802,-1.601194013,-0.058058413,0.721211866,-0.471127421,-0.386914164,2.570418708,-0.129960364,0.063490662
0,0.304238728,-0.142456142,-0.037710212,-0.073120613,0.944282913,-0.669777215,0.229745897,-0.007659225,-0.347564669,0.037086169
0,-0.441202953,0.551208262,0.625349171,0.506683729,-0.488007701,1.83052388,0.499681967,-0.661220283,0.398114739,-0.694378284
0,-0.654843282,0.948485758,0.756834281,-1.546705862,0.417650589,1.134483823,0.818359466,-0.473914055,0.754027664,2.030788938
0,-0.959783302,0.160760759,1.078643001,-1.512699057,-0.467815158,-0.741505097,0.968752865,-0.105451554,0.497761772,1.402897439
1,-0.258548628,1.399179772,-0.421026283,0.385908857,-0.663012173,-0.877422927,0.251347676,1.261324663,-0.831282998,-0.178429678
0,-1.078596131,1.299084075,0.878593338,-0.426954666,0.063619778,0.287690145,-0.02580899,0.052692933,-0.319677083,1.543270911
