Label,log.sigma.1.mm.3D_glcm_MCC,wavelet.LHH_glrlm_RunEntropy,log.sigma.1.mm.3D_glcm_Imc1,wavelet.HLH_glcm_Correlation,wavelet.LLH_glszm_GrayLevelVariance,wavelet.HLL_firstorder_90Percentile,log.sigma.2.mm.3D_glcm_Imc1,wavelet.LLH_glcm_Correlation,wavelet.HLL_glszm_ZonePercentage,wavelet.LLH_firstorder_Kurtosis
1,-0.39330982,-1.139498963,0.130030367,0.932266839,-1.120554621,-1.551266783,0.931225476,-0.496814736,0.123731269,0.26099111
1,-0.44261496,0.773849448,0.537784807,0.073569279,-0.16199044,1.820148584,0.103162688,0.514074312,-0.251979,-0.62730623
1,-0.413429289,0.091863765,0.34850733,0.386685343,-0.701701934,-0.352216374,-0.365565203,-0.419149972,-0.393260368,0.175512695
0,-0.544907612,-0.101391411,0.769817628,-0.034037189,-0.203503589,0.176047279,0.469691874,-0.534710102,0.757953873,-0.233950961
0,-0.826000848,0.502543895,0.926478752,0.565788229,0.178638258,-0.194283303,0.194633478,-0.536873196,-0.50757289,0.717183281
0,-0.614508547,0.554222856,0.809599716,0.291337434,-0.455184242,0.397751697,0.20948015,0.063143941,0.117479234,0.14959168
0,0.21421815,-0.152780456,-0.167631129,0.171422478,-0.649524238,-0.567837197,0.378469258,-1.042634839,-0.199747407,-0.35089731
0,-1.166605544,-0.44862219,1.065669175,-0.345842061,0.025317343,2.910174857,0.351212729,-0.220401756,1.49692343,-0.244677917
0,-0.657048618,0.504352238,0.687155245,0.007605883,0.313312183,0.39531291,-0.649238124,-0.397399499,0.07242208,0.885304907
0,-0.536054402,0.667805411,0.300846838,-0.050660914,-0.881132499,-0.123185685,0.337954325,0.281498674,0.327165761,-1.252409563
0,-0.89770996,-1.219410502,0.773429593,-0.32807285,-1.01389398,0.57776535,0.467794216,-2.347107249,2.007273257,-1.313990874
0,-0.825020076,-0.602114555,0.74680927,-1.515107363,-0.85653182,-0.261034936,0.151175001,-0.641452016,0.601072108,-0.930498854
1,0.794235373,0.236871034,-0.491669649,0.068452705,-0.733558576,0.124436477,0.503833471,0.566073084,0.064311347,-1.164387656
1,1.904223201,-0.158602822,-1.940945836,-0.230017953,0.424029464,-0.638276252,-0.62163799,0.750992203,-0.368266544,0.158580409
0,-0.574306234,0.761592167,0.665081326,-0.069797002,-0.088893593,0.16844769,-1.089114675,-0.890250844,-0.284732875,-0.085959831
1,-0.157275267,1.91246392,-0.399451872,0.482658198,-0.426214273,-0.06308459,-0.578079925,0.969453278,-0.892296266,-0.164589489
0,1.075417308,-6.956648946,-3.262310283,9.111361904,-1.783437068,-0.180311184,-0.744506516,-0.519795531,6.599366123,-3.291272602
0,-0.760827525,0.215393865,0.662024365,0.161982732,-0.507009693,0.670791209,1.044234957,0.489480687,0.73860518,0.357145299
0,-0.818004791,-1.192965289,0.690592276,-0.53316227,-0.937762742,1.264512712,0.730459223,-0.328690303,0.248282007,-1.299520647
1,-0.011847654,0.491236634,0.180238796,-0.476324207,0.431628951,-0.234556796,-1.062393989,-0.073639776,0.429549074,1.425547086
1,0.142574908,-1.612885249,-0.216331954,0.055279173,-0.7268177,-0.033762118,-4.680814606,-0.835330934,-1.157435352,2.525259341
0,0.281949698,-0.463996884,-0.222970877,-0.107748774,-1.051207874,-0.072361886,0.09996256,-0.423411943,-0.465478492,1.095288213
0,-1.406174656,1.160204948,1.272701605,0.33938794,-0.116499535,0.073784241,0.899935093,-0.160335619,-0.111886098,1.881236757
0,-0.763773733,1.404478017,0.820176442,0.372481976,-0.750537477,1.49959857,-0.514057179,-0.035939881,0.423739379,-1.662685202
0,-0.41327136,-0.802797382,0.323491016,-0.35739314,-0.206189434,-0.197519421,0.725299231,-0.389276116,0.379619827,-0.436483229
1,1.731473018,-0.306904346,-1.201827121,0.432784832,1.152960628,-0.298749563,0.414539982,1.867519984,0.72605444,1.046031798
0,0.059349892,-0.354263669,-0.712201596,0.262552316,-0.099523857,1.1450548,-0.7466029,1.122917354,0.052318071,-0.738039247
0,-0.661672843,-0.07937272,0.702410115,-0.715247008,0.145526388,1.053259857,0.570220501,-0.753259642,0.556829611,1.710687332
0,-0.338206743,0.104072638,0.562290281,-0.022027257,-0.34899452,0.677782555,-1.5915602,-0.433142543,0.055635759,-0.198037197
0,-0.037595035,1.103214532,0.202571487,0.457549692,-0.063329729,0.233434636,-0.591497131,-0.155977918,-0.439539552,-0.175822497
0,-1.090796789,-1.216778281,0.989401985,0.83732335,-0.96745249,-0.355725973,0.220400764,0.267887863,0.570218318,-1.688797432
1,2.76090963,0.836457057,-3.619892036,0.066500715,0.854802459,-0.42468477,-1.586121206,1.296330518,-1.536422046,0.978851869
1,0.41046132,0.16217303,-0.094255618,0.124431984,-0.10404052,0.207696371,-1.274332318,-0.672721498,-0.58988867,0.500619612
1,2.510002615,0.7138592,-3.18727402,0.044834866,0.587816683,-0.862475847,-1.861634235,0.75181085,-1.335274535,0.531403668
0,-0.241522155,-0.058103785,0.162934707,-0.054613888,-0.781106626,-1.424114416,1.185988854,-0.45513676,0.683019576,-1.062393661
0,-0.319637269,-3.210825873,-0.217042754,-1.292725819,-0.3430247,0.411945387,2.609891576,-0.337645354,2.63599954,3.726198265
0,1.502678063,-0.180946576,-0.997810213,0.006697809,0.91155739,-0.81892069,0.520319548,0.457567005,-0.6701665,-0.208608683
0,-0.610943644,-1.675743332,0.869849857,-0.022968142,-1.303055441,1.283541823,1.304075691,-0.442550427,2.165191394,-0.958648111
0,-0.706716308,-0.308565691,0.642502128,0.240400952,-0.443002797,0.194675782,0.140657727,-0.416165791,0.471612756,-0.20031122
0,-0.210771012,-0.718214785,0.30773542,0.88538136,-0.933402078,-1.325309808,0.334445604,-0.943106246,-0.810294016,0.796142895
1,0.730744538,0.605997311,-0.679343667,-0.084598161,-0.169144491,-0.681716239,-1.238240536,-0.417556882,-1.064136695,0.217287007
0,-0.599270443,0.249202031,0.823337837,0.191774457,-0.450644198,0.221566964,-0.857923732,-0.333003674,0.222610853,-0.905625745
1,0.909391207,0.286662123,-0.733032177,0.379546642,0.061379512,0.181788009,-0.554380294,-0.494707201,-0.442360764,-0.601513344
1,2.183088352,0.228337333,-2.360137912,0.042177572,0.785801729,0.203025959,-0.62417795,0.524142893,-0.959319836,0.319201963
0,0.189806542,-0.199888519,-0.305522032,0.019171239,-0.256170244,-0.698198029,-0.440899654,-0.23027516,-0.20547174,-1.825997178
0,-1.176998015,0.115163782,1.005487184,0.472795723,-0.188042217,1.227809053,1.140382202,-0.128824864,1.109875427,0.788517333
0,-0.756482509,0.981499698,0.84770448,0.226508911,-0.178818538,0.706667755,-1.064696737,-0.730443766,-0.388754016,-0.82164148
0,1.25023416,0.486908402,-1.212082823,0.12283333,0.002488616,-0.38850023,-0.648471196,-0.418860071,-0.853813762,0.862793104
1,0.897158434,-0.327447081,-0.757064807,-0.639335724,-0.233467004,-0.179245934,0.458141258,-0.305147748,-0.775783973,-1.672936656
1,0.699484855,0.726529667,-0.37249943,-0.541480191,-0.38485419,-0.572822398,0.06382392,0.104853989,-0.004302858,-0.915870397
0,-0.524484029,0.647668561,0.727069027,0.204637586,0.18573395,1.519977585,-0.706093997,-0.508969641,0.192746475,-0.959500854
0,-0.534227015,0.939396034,0.635017782,-0.299776219,-0.331932228,-0.235031829,-0.353197794,-0.244949173,-0.151730007,-0.506753591
0,-0.794990692,-0.672996753,0.416639713,-0.864128318,-0.387268884,0.513676427,0.955475694,-0.542220445,0.864839381,0.646464046
1,2.082486767,0.68680457,-1.437063595,0.291948509,4.436608083,0.290785298,0.74058927,2.477752973,-0.810385782,1.870655474
1,0.394640099,0.575990713,-0.287707975,-0.194950912,-1.088696784,-0.0319017,0.059527456,1.117847581,-0.512238648,-1.813209698
0,-0.897998986,0.077916953,0.867274079,-0.101731051,-0.461772626,-0.208749943,1.41835836,-0.156617829,0.390586445,-1.121967715
1,1.425738236,-0.654495861,-1.231592426,0.342693241,0.255957197,-1.306930179,0.118050869,1.349577994,-0.917158292,-0.210475888
1,1.869875457,0.318004716,-2.063790438,0.108196642,0.333998366,-0.816224723,-0.868140088,0.177119351,-1.284036433,0.370182354
1,-0.575088983,1.20104097,0.657759576,-0.118377749,0.348479405,-0.29478504,-0.378494663,-0.280749157,-1.027783228,-0.315046249
0,-1.177342085,-0.602251982,1.182282735,-0.286369802,0.02739222,3.342072562,0.409445074,-0.32057991,0.948622466,1.310366107
0,-0.823153547,0.506940986,0.847557965,0.086446821,0.497284729,0.32796004,0.271231034,-1.24399142,0.33926306,1.52013104
0,-0.70069783,-0.903272249,0.856807838,0.475049516,-0.132756877,2.107186317,-1.485142238,-0.132421103,1.271518365,1.170065371
0,-0.489265499,0.236354871,0.564457507,-0.249994744,-0.126436379,0.348872689,0.64376551,-0.636012137,-0.136903957,0.701367125
0,-0.831817082,-0.916572658,0.706698487,0.281695449,-0.598960358,0.27124257,1.118766099,-0.801212348,1.096297814,-0.29684577
0,1.237065223,0.387886141,-0.886287072,-0.579223624,-0.129784238,-1.252415059,0.280351014,-0.205558897,-0.471611601,-0.832070207
1,1.929037044,0.069414104,-2.001465396,-0.190151047,0.402170503,-1.350385773,-0.52121674,2.857483807,-0.958506165,-1.127462324
0,0.374681482,0.808374917,-0.113596083,-0.371949301,0.431427031,0.318829042,-1.592581411,-0.194685643,-0.687204763,-0.042073392
0,-0.49639968,-3.192758475,0.287322556,0.938313476,-0.850909338,0.674636684,1.820106284,-1.264274702,3.124793742,-0.473443732
1,-0.906299895,1.143596462,1.018411494,-0.132669994,-0.071462776,-0.118654169,-0.499670673,-0.126306166,-0.749196495,0.409535744
0,-1.358481546,-0.430080942,1.255440638,-0.669098289,0.328442547,1.887848521,1.249392013,-0.593364892,0.702546936,0.17618109
0,-0.595774603,-1.39810282,0.4993417,-0.716703596,-0.714841244,1.952429722,1.625285182,-1.345205265,0.637308141,-0.950080324
0,-0.783553582,1.188083501,0.825574306,0.99331167,-0.319574006,1.438555857,0.270110922,-0.6083167,0.426220932,-1.205001383
1,-0.253130003,0.378461245,0.40080277,-0.291269636,0.10543088,-0.070384984,-0.912167585,-0.940737891,-0.631627782,-0.803189604
0,-0.742525677,0.306708112,0.666839867,-0.557436369,-0.518449465,1.152701865,0.996567337,-0.783417923,0.690423109,-1.475534423
1,0.712909731,1.709315196,-0.61022437,0.007611059,0.573037767,-0.262220466,-3.271486387,-0.238439684,-1.514695099,-0.149481649
1,0.438093816,0.864149746,-0.090314042,0.226675043,-0.103406401,-0.120679653,-0.330221905,-0.347061114,-0.40911985,-0.178995158
0,-1.180459693,0.021911796,1.045490939,-0.355949059,-0.694105932,0.715833047,0.765736575,-0.713701467,0.843295181,-0.944068061
1,-1.014881998,0.437382183,0.970332432,0.390710433,0.218362147,2.374190702,0.702431919,-0.228255823,0.088703363,1.083266247
0,0.116746392,0.890841207,0.096388513,-0.108423678,0.174431277,-1.272888914,-0.041084108,-0.228862705,-0.713484807,1.632620087
0,-0.956514829,-0.58747188,0.771758825,-0.330555081,-1.086539608,-1.650532546,1.106547532,-0.562205028,0.954485758,-0.382826612
1,2.364177823,0.554995004,-2.007061931,0.138800576,1.762960005,-1.198440306,0.211588837,2.102428818,-0.832618552,0.446696422
1,0.09136422,0.231460565,0.029096673,-0.144296387,-0.117027095,0.716686947,-0.426423577,-0.733856011,-0.116825061,0.762563355
1,1.200387532,0.809876973,-1.215090753,0.212002433,0.168776058,-0.995261469,-2.22531872,-0.31986907,-1.443846032,0.589195891
1,-0.432516839,0.56227855,0.509328377,-0.144666754,0.382658989,-0.728407515,-0.462577639,-0.062024832,-0.702793642,0.454091205
1,-0.223604137,0.330421165,0.523761835,0.465328332,0.260657826,1.18612515,-0.02160586,-0.731915242,0.392425142,0.424654214
0,0.304238728,-0.142456142,-0.037710212,-0.073120613,0.944282913,-0.669777215,0.229745897,-0.007659225,-0.347564669,0.037086169
0,-0.959783302,0.160760759,1.078643001,-1.512699057,-0.467815158,-0.741505097,0.968752865,-0.105451554,0.497761772,1.402897439
0,-0.263507188,0.942370287,0.298228657,0.178591874,-0.713090342,0.663027185,-0.646908652,-0.903411158,0.046009005,-1.393709136
0,-1.130257731,-1.249021084,0.790675199,-1.157939123,-1.071514136,-0.353855897,1.858405173,-0.055422323,0.818573838,0.319758223
1,0.778197048,-0.815969147,-0.728235491,0.307231887,0.634623018,-1.226159537,0.532095821,0.978993154,-0.242519212,1.059725825
0,-0.572261655,-0.390666994,0.709005802,0.238874659,-0.171647021,0.921254508,-0.045313178,-0.354768137,0.409873857,-1.09582985
0,-0.738497844,0.155243998,0.916969426,-0.2353645,-0.107063455,2.58611212,0.218619943,-0.073063382,0.351656903,1.289487462
0,-0.550342193,-0.801185622,0.524944013,0.096507874,-0.300208483,1.245833888,0.077238983,-0.736795536,-0.317099145,-0.323800274
0,-0.107153395,-2.36578319,0.05140463,0.207503219,-0.535515232,-0.002899901,-0.347277805,-0.806252055,1.18183679,0.371211442
1,0.473249055,0.266372275,-0.169554792,-0.059867834,0.218000009,0.027722945,-0.486022165,-0.342981927,-0.262392511,0.310065945
0,-0.264830084,2.284360208,0.338152048,0.201373694,0.28895844,-0.421685823,-0.710951169,0.125089499,-1.083770817,-0.640907631
0,0.080575405,-0.711740061,0.022362806,0.472762136,-0.681874046,-0.577863277,0.974425826,-0.192545863,0.330370389,-1.151193639
0,1.316963095,-0.402385045,-0.976906027,0.223347644,0.132649864,-0.149056407,-0.295950076,-0.289224278,-1.061363045,-0.646994641
0,-0.930614738,0.740290822,1.002349218,-0.33296918,-0.344825781,0.694559066,0.614063937,-0.490297515,0.609792979,-0.139184628
0,-0.348505308,0.073845325,-0.346893176,0.308068004,-1.1816059,-1.120477214,0.231889862,1.060001841,-1.350586883,0.801450698
0,-0.489914117,1.585804678,0.696950128,0.011461173,0.278541457,1.543473198,-0.688098945,-0.557919584,-0.138652488,-0.489291986
0,0.199934068,0.307017979,0.178891999,-0.188347382,-0.028012524,-0.319078829,-0.113139691,-0.82155319,-0.619173243,-0.276944514
1,0.805178597,1.655790038,-0.702613616,0.000551706,0.709278367,-0.319956984,-1.486826142,-0.501033312,-1.449812699,0.5340807
0,1.204027338,-0.795980789,-0.898925482,0.145096923,-0.104331138,-1.684304919,0.582451325,0.847019893,-0.795627787,-0.06239645
1,2.403247089,0.559445911,-2.585407806,-0.268923351,1.857865686,-0.605283307,-0.407473022,1.244605302,-1.30548146,1.069465142
0,-0.525399325,1.194631995,0.623802918,-0.048037502,-0.108415222,0.341471998,-2.473530882,-0.598690997,-0.895705951,0.009121076
0,-0.690342037,0.47126646,0.708701468,0.723758693,-0.346989251,-0.043586137,1.601547769,-0.067644996,1.044959679,-0.665431875
0,-0.838718514,1.596573708,1.047625764,0.276961316,0.038722334,1.240933472,-0.97485292,0.030439452,-0.034960706,-0.544425233
0,-1.017207995,-0.070139117,0.830412927,-0.265491086,-0.307616121,-0.186981546,1.028907175,-0.993964365,0.598616438,1.233880852
1,0.092501916,-0.241236622,-0.110323718,-0.376270145,-0.144904411,-0.534297498,-0.56623095,0.100929333,-0.784052556,-0.135261793
